{
	"format_version": "1.12.0",
	"minecraft:geometry": [
		{
			"description": {
				"identifier": "geometry.m.book_4",
				"texture_width": 16,
				"texture_height": 16,
				"visible_bounds_width": 2,
				"visible_bounds_height": 2.5,
				"visible_bounds_offset": [0, 0.75, 0]
			},
			"bones": [
				{
					"name": "book",
					"pivot": [0, 0, 0],
					"cubes": [
						{
							"origin": [-4.9, 0, -7],
							"size": [10, 3, 14],
							"pivot": [0, 1.5, 0],
							"rotation": [0, -5, 0],
							"uv": {
								"north": {"uv": [0, 9.33333], "uv_size": [6.22222, 1.77778]},
								"east": {"uv": [0, 11.11111], "uv_size": [9.33333, 1.77778]},
								"south": {"uv": [4, 9.33333], "uv_size": [6.22222, 1.77778]},
								"west": {"uv": [0.44444, 9.33333], "uv_size": [9.33333, 1.77778]},
								"up": {"uv": [8, 0], "uv_size": [6.22222, 9.33333]},
								"down": {"uv": [6.22222, 9.33333], "uv_size": [-6.22222, -9.33333]}
							}
						},
						{
							"origin": [-5, 8, -6.9],
							"size": [10, 3, 14],
							"pivot": [0, 9.5, 0],
							"rotation": [0, 2, 0],
							"uv": {
								"north": {"uv": [0, 9.33333], "uv_size": [6.22222, 1.77778]},
								"east": {"uv": [0, 11.11111], "uv_size": [9.33333, 1.77778]},
								"south": {"uv": [4, 9.33333], "uv_size": [6.22222, 1.77778]},
								"west": {"uv": [0.44444, 9.33333], "uv_size": [9.33333, 1.77778]},
								"up": {"uv": [8, 0], "uv_size": [6.22222, 9.33333]},
								"down": {"uv": [6.22222, 9.33333], "uv_size": [-6.22222, -9.33333]}
							}
						},
						{
							"origin": [-3.65, 3, -5.91],
							"size": [8.3, 2.5, 11.62],
							"uv": {
								"north": {"uv": [0, 9.33333], "uv_size": [6.22222, 1.77778]},
								"east": {"uv": [0, 11.11111], "uv_size": [9.33333, 1.77778]},
								"south": {"uv": [4, 9.33333], "uv_size": [6.22222, 1.77778]},
								"west": {"uv": [0.44444, 9.33333], "uv_size": [9.33333, 1.77778]},
								"up": {"uv": [8, 0], "uv_size": [6.22222, 9.33333]},
								"down": {"uv": [6.22222, 9.33333], "uv_size": [-6.22222, -9.33333]}
							}
						},
						{
							"origin": [-3.05, 5.5, -5.51],
							"size": [8.3, 2.5, 11.62],
							"pivot": [1, 6.75, 0],
							"rotation": [0, -10, 0],
							"uv": {
								"north": {"uv": [0, 9.33333], "uv_size": [6.22222, 1.77778]},
								"east": {"uv": [0, 11.11111], "uv_size": [9.33333, 1.77778]},
								"south": {"uv": [4, 9.33333], "uv_size": [6.22222, 1.77778]},
								"west": {"uv": [0.44444, 9.33333], "uv_size": [9.33333, 1.77778]},
								"up": {"uv": [8, 0], "uv_size": [6.22222, 9.33333]},
								"down": {"uv": [6.22222, 9.33333], "uv_size": [-6.22222, -9.33333]}
							}
						},
						{
							"origin": [-4.15, 13.5, -6.31],
							"size": [8.3, 2.5, 11.62],
							"pivot": [2, 12, 0.3],
							"rotation": [0, 1, 0],
							"uv": {
								"north": {"uv": [0, 9.33333], "uv_size": [6.22222, 1.77778]},
								"east": {"uv": [0, 11.11111], "uv_size": [9.33333, 1.77778]},
								"south": {"uv": [4, 9.33333], "uv_size": [6.22222, 1.77778]},
								"west": {"uv": [0.44444, 9.33333], "uv_size": [9.33333, 1.77778]},
								"up": {"uv": [8, 0], "uv_size": [6.22222, 9.33333]},
								"down": {"uv": [6.22222, 9.33333], "uv_size": [-6.22222, -9.33333]}
							}
						},
						{
							"origin": [-4.05, 11, -4.91],
							"size": [8.3, 2.5, 11.62],
							"pivot": [0.1, 12.25, 0.4],
							"rotation": [0, -10, 0],
							"uv": {
								"north": {"uv": [0, 9.33333], "uv_size": [6.22222, 1.77778]},
								"east": {"uv": [0, 11.11111], "uv_size": [9.33333, 1.77778]},
								"south": {"uv": [4, 9.33333], "uv_size": [6.22222, 1.77778]},
								"west": {"uv": [0.44444, 9.33333], "uv_size": [9.33333, 1.77778]},
								"up": {"uv": [8, 0], "uv_size": [6.22222, 9.33333]},
								"down": {"uv": [6.22222, 9.33333], "uv_size": [-6.22222, -9.33333]}
							}
						}
					]
				}
			]
		}
	]
}